Workbook

Sheet lộ trình hp
A5: STT | B5: Năm 2027 | C5: Năm 2028 | D5: Năm 2029 | E5: Năm 2030 | F5: Năm 2031
A6: Mức học phí đào tạo/học viên | B6: 2.35 | C6: =B6*(1+5%) -> 2.4675 | D6: =C6*(1+5%) -> 2.590875 | E6: =D6*(1+5%) -> 2.7204188 | F6: =E6*(1+5%) -> 2.8564397
A7: Mức thu cho thuê xe tập luyện/giờ | B7: 0.3 | C7: =B7*(1+5%) -> 0.315 | D7: =C7*(1+5%) -> 0.33075 | E7: =D7*(1+5%) -> 0.3472875 | F7: =E7*(1+5%) -> 0.36465188
A8: Mức thu cho thuê xe thiết bị/lượt | B8: 0.05 | C8: =B8*(1+5%) -> 0.0525 | D8: =C8*(1+10%) -> 0.05775 | E8: =D8*(1+10%) -> 0.063525 | F8: =E8*(1+10%) -> 0.0698775

Sheet Nội dung khoán THU CHI thuê sân
A1: Phụ lục V
A2: PHÂN KHAI KHOẢN THU CHO THUÊ SÂN, THIẾT BỊ ÔN LUYỆN VÀ PHỤC VỤ SÁT HẠCH LÁI XE MÔ TÔ HẠNG A
A4: TT | B4: CHỈ TIÊU | C4: ĐVT | D4: Số lượng | E4: Năm 2027 | F4: Năm 2028 | G4: Năm 2029 | H4: Năm 2030 | I4: Năm 2031
A5: A | B5: Doanh thu | E5: =E6+E9 -> 45.45 | F5: =F6+F9 -> 67.6725 | G5: =G6+G9 -> 96.8967 | H5: =H6+H9 -> 116.964 | I5: =I6+I9 -> 140.3529
A6: 1 | B6: Cho thuê sân ôn luyện sát hạch | E6: =E7*E8 -> 11 | F6: =F7*F8 -> 31.5 | G6: =G7*G8 -> 39.8475 | H6: =H7*H8 -> 50.82 | I6: =I7*I8 -> 64.2873
B7: Số lượt | C7: Lượt | E7: ='Dự kiến thu'!B9 -> 220 | F7: ='Dự kiến thu'!C9 -> 600 | G7: ='Dự kiến thu'!D9 -> 690 | H7: ='Dự kiến thu'!E9 -> 800 | I7: ='Dự kiến thu'!F9 -> 920
B8: Đơn giá | C8: Đồng | E8: ='lộ trình hp'!B8 -> 0.05 | F8: ='lộ trình hp'!C8 -> 0.0525 | G8: ='lộ trình hp'!D8 -> 0.05775 | H8: ='lộ trình hp'!E8 -> 0.063525 | I8: ='lộ trình hp'!F8 -> 0.0698775
A9: 2 | B9: Thuê sân phục vụ sát hạch (53% lp) | E9: =E11*E10 -> 34.45 | F9: =F11*F10 -> 36.1725 | G9: =G11*G10 -> 57.0492 | H9: =H11*H10 -> 66.144 | I9: =I11*I10 -> 76.0656
B10: Số lượt | C10: Lượt | E10: ='Dự kiến thu'!B14 -> 500 | F10: ='Dự kiến thu'!C14 -> 525 | G10: ='Dự kiến thu'!D14 -> 828 | H10: ='Dự kiến thu'!E14 -> 960 | I10: ='Dự kiến thu'!F14 -> 1104
B11: Đơn giá | C11: Đồng | E11: =0.13*53% -> 0.0689 | F11: =0.13*53% -> 0.0689 | G11: =0.13*53% -> 0.0689 | H11: =0.13*53% -> 0.0689 | I11: =0.13*53% -> 0.0689
A12: B | B12: Chi phí | E12: =E13+E16+E17+E18+E19+E20+E21+E22+E24+E25 -> 39.753 | F12: =F13+F16+F17+F18+F19+F20+F21+F22+F24+F25 -> 55.10715 | G12: =G13+G16+G17+G18+G19+G20+G21+G22+G24+G25 -> 80.324073 | H12: =H13+H16+H17+H18+H19+H20+H21+H22+H24+H25 -> 96.22476 | I12: =I13+I16+I17+I18+I19+I20+I21+I22+I24+I25 -> 114.57416
A13: 1 | B13: Nhiên liệu | E13: =E14+E15 -> 4.765 | F13: =F14+F15 -> 7.39725 | G13: =G14+G15 -> 10.48662 | H13: =H14+H15 -> 12.7128 | I13: =I14+I15 -> 15.321036
B14: Chi phí nhiên liệu phục vụ cho thuê ôn luyện | C14: Lượt | D14: 0.12 | E14: =E6*D14 -> 1.32 | F14: =F6*D$14 -> 3.78 | G14: =G6*D14 -> 4.7817 | H14: =H6*D14 -> 6.0984 | I14: =I6*D14 -> 7.714476
B15: Chi phí nhiên liệu phục vụ sát hạch A | C15: Lượt | D15: 0.1 | E15: =E9*D15 -> 3.445 | F15: =F9*D15 -> 3.61725 | G15: =G9*D15 -> 5.70492 | H15: =H9*D15 -> 6.6144 | I15: =I9*D15 -> 7.60656
A16: 2 | B16: Khấu hao phần lý thuyết sát hạch lái xe | C16: Học viên | D16: 0.1 | E16: =E9*D16 -> 3.445 | F16: =F9*D16 -> 3.61725 | G16: =G9*D16 -> 5.70492 | H16: =H9*D16 -> 6.6144 | I16: =I9*D16 -> 7.60656
A17: 3 | B17: Khấu hao phần sát hạch thực hành | C17: Học viên | D17: 0.1 | E17: =E$9*D$17 -> 3.445 | F17: =F$9*D17 -> 3.61725 | G17: =G$9*D17 -> 5.70492 | H17: =H$9*D17 -> 6.6144 | I17: =I$9*D17 -> 7.60656
A18: 4 | B18: Bảo dưỡng, sửa chữa nhỏ thiết bị | C18: Học viên | D18: 0.2 | E18: =E5*D18 -> 9.09 | F18: =F5*D$18 -> 13.5345 | G18: =G5*D18 -> 19.37934 | H18: =H5*D18 -> 23.3928 | I18: =I5*D18 -> 28.07058
A19: 5 | B19: Bảo dưỡng, sửa chữa nhỏ sân bãi | C19: Học viên | D19: 0.05 | E19: =E5*D19 -> 2.2725 | F19: =F5*D19 -> 3.383625 | G19: =G5*D19 -> 4.844835 | H19: =H5*D19 -> 5.8482 | I19: =I5*D19 -> 7.017645
A20: 6 | B20: Văn phòng phẩm phục vụ sát hạch A | C20: Học viên | D20: 0.04 | E20: =E9*D20 -> 1.378 | F20: =F9*D20 -> 1.4469 | G20: =G9*D20 -> 2.281968 | H20: =H9*D20 -> 2.64576 | I20: =I9*D20 -> 3.042624
A21: 7 | B21: Khoán kinh phí vệ sinh phục vụ sát hạch A | C21: Học viên | D21: 0.05 | E21: =E9*D21 -> 1.7225 | F21: =F9*D21 -> 1.808625 | G21: =G9*D21 -> 2.85246 | H21: =H9*D21 -> 3.3072 | I21: =I9*D21 -> 3.80328
A22: 8 | B22: Chi phí lương bộ phận trực tiếp cho thuê sân | C22: Học viên | D22: 0.1 | E22: =E5*$D$22 -> 4.545 | F22: =F5*$D$22 -> 6.76725 | G22: =G5*$D$22 -> 9.68967 | H22: =H5*$D$22 -> 11.6964 | I22: =I5*$D$22 -> 14.03529
A23: 9 | B23: Chi phí lương bộ phận quản lý chung | C23: Học viên | D23: 0.1 | E23: =E22*D23 -> 0.4545 | F23: =F22*$D23 -> 0.676725 | G23: =G22*$D23 -> 0.968967 | H23: =H22*$D23 -> 1.16964 | I23: =I22*$D23 -> 1.403529
A24: 10 | B24: Chi phí quản lý chung đào tạo, sát hạch mô tô | C24: Học viên | D24: 0.1 | E24: =E$5*D24 -> 4.545 | F24: =F$5*D24 -> 6.76725 | G24: =G$5*D24 -> 9.68967 | H24: =H$5*D24 -> 11.6964 | I24: =I$5*D24 -> 14.03529
A25: 11 | B25: Thuế TNDN, GTGT thuê sân sát hạch | C25: Học viên | D25: 0.1 | E25: =E$5*D25 -> 4.545 | F25: =F$5*D25 -> 6.76725 | G25: =G$5*D25 -> 9.68967 | H25: =H$5*D25 -> 11.6964 | I25: =I$5*D25 -> 14.03529
A26: C | B26: Chênh lệch thu - Chi | D26: =E26/E5 -> 0.12534653 | E26: =E5-E12 -> 5.697 | F26: =F5-F12 -> 12.56535 | G26: =G5-G12 -> 16.572627 | H26: =H5-H12 -> 20.73924 | I26: =I5-I12 -> 25.778745
E27: Quảng Ngãi, ngày tháng năm 2026
B28: KHOA ĐT&SHLX | C28: PHÒNG TC-KT | E28: HIỆU TRƯỞNG
B33: Nguyễn Văn Thành | C33: Huỳnh Thị Tuyết | E33: Lê Trí Khải

Sheet Nội dung khoán tHU CHI học phí
A1: Phụ lục V
A2: PHÂN KHAI HỌC PHÍ ĐÀO TẠO LÁI XE MÔ TÔ HẠNG A
A4: TT | B4: CHỈ TIÊU | C4: ĐVT | D4: Mức khoán | E4: Năm thứ 1 | F4: Năm thứ 2 | G4: Năm thứ 3 | H4: Năm thứ 4 | I4: Năm thứ 5
A5: A | B5: Doanh thu (=1 x2) | C5: Học viên | E5: ='Dự kiến thu'!B5*'Dự kiến thu'!B4 -> 517 | F5: ='Dự kiến thu'!C5*'Dự kiến thu'!C4 -> 1480.5 | G5: ='Dự kiến thu'!D5*'Dự kiến thu'!D4 -> 1787.7038 | H5: ='Dự kiến thu'!E5*'Dự kiến thu'!E4 -> 2176.335 | I5: ='Dự kiến thu'!F5*'Dự kiến thu'!F4 -> 2627.9245
A6: B | B6: Chi phí =(1+2+3+…+11+12) | E6: =SUM(E7:E18) -> 405.328 | F6: =SUM(F7:F18) -> 1167.712 | G6: =SUM(G7:G18) -> 1408.5597 | H6: =SUM(H7:H18) -> 1713.2466 | I6: =SUM(I7:I18) -> 2067.2928
A7: 1 | B7: Khoán nhiên liệu | C7: Học viên | D7: 0.1 | E7: =E$5*D7 -> 51.7 | F7: =F$5*D7 -> 148.05 | G7: =G$5*D7 -> 178.77038 | H7: =H$5*D7 -> 217.6335 | I7: =I$5*D7 -> 262.79245
A8: 2 | B8: Khấu hao cơ sở vật chất phần lý thuyết đào tạo lái xe | C8: Học viên | D8: 0.01 | E8: =E$5*D8 -> 5.17 | F8: =F$5*D8 -> 14.805 | G8: =G$5*D8 -> 17.877038 | H8: =H$5*D8 -> 21.76335 | I8: =I$5*D8 -> 26.279245
A9: 3 | B9: Khấu hao phần đào tạo thực hành | C9: Học viên | D9: 0.01 | E9: =E$5*D9 -> 5.17 | F9: =F$5*D9 -> 14.805 | G9: =G$5*D9 -> 17.877038 | H9: =H$5*D9 -> 21.76335 | I9: =I$5*D9 -> 26.279245
A10: 4 | B10: Tiền lương giảng dạy lý thuyết | C10: Học viên | D10: 0.12 | E10: =E$5*D10 -> 62.04 | F10: =F$5*D10 -> 177.66 | G10: =G$5*D10 -> 214.52445 | H10: =H$5*D10 -> 261.1602 | I10: =I$5*D10 -> 315.35094
A11: 5 | B11: Khoán lương dạy thực hành | C11: Học viên | D11: 0.12 | E11: =E$5*D11 -> 62.04 | F11: =F$5*D11 -> 177.66 | G11: =G$5*D11 -> 214.52445 | H11: =H$5*D11 -> 261.1602 | I11: =I$5*D11 -> 315.35094
A12: 6 | B12: Khoán thuê phương tiện | C12: Học viên | D12: 0.22 | E12: =E$5*D12 -> 113.74 | F12: =F$5*D12 -> 325.71 | G12: =G$5*D12 -> 393.29483 | H12: =H$5*D12 -> 478.7937 | I12: =I$5*D12 -> 578.14339
A13: 7 | B13: Khoán tuyển sinh | C13: Học viên | D13: 0.05 | E13: =E$5*D13 -> 25.85 | F13: =F$5*D13 -> 74.025 | G13: =G$5*D13 -> 89.385188 | H13: =H$5*D13 -> 108.81675 | I13: =I$5*D13 -> 131.39623
A14: 8 | B14: Khoán văn phòng phẩm phục vụ đào tạo A | C14: Học viên | D14: 0.01 | E14: =E$5*D14 -> 5.17 | F14: =F$5*D14 -> 14.805 | G14: =G$5*D14 -> 17.877038 | H14: =H$5*D14 -> 21.76335 | I14: =I$5*D14 -> 26.279245
A15: 9 | B15: Chi phí lương cho bộ phận quản lý (10% lương trực tiếp) | C15: Học viên | D15: 0.1 | E15: =(E10+E11)*D15 -> 12.408 | F15: =(F10+F11)*$D15 -> 35.532 | G15: =(G10+G11)*$D15 -> 42.90489 | H15: =(H10+H11)*$D15 -> 52.23204 | I15: =(I10+I11)*$D15 -> 63.070188
A16: 10 | B16: Chi phí quản lý chung đào tạo, sát hạch mô tô | C16: Học viên | D16: 0.1 | E16: =E$5*D16 -> 51.7 | F16: =F$5*D16 -> 148.05 | G16: =G$5*D16 -> 178.77038 | H16: =H$5*D16 -> 217.6335 | I16: =I$5*D16 -> 262.79245
A17: 11 | B17: Đào tạo bồi dưỡng (2027:09GV) | D17: 0.08 | E17: 61.2 | F17: 7 | G17: 7 | H17: 7 | I17: 7
A18: 12 | B18: Thuế TNDN học phí | C18: Học viên | D18: 0.02 | E18: =E$5*D18 -> 10.34 | F18: =F$5*D18 -> 29.61 | G18: =G$5*D18 -> 35.754075 | H18: =H$5*D18 -> 43.5267 | I18: =I$5*D18 -> 52.55849
A19: C | B19: Chênh lệch thu - Chi | C19: Học viên | E19: =E5-E6 -> 111.672 | F19: =F5-F6 -> 312.788 | G19: =G5-G6 -> 379.14401 | H19: =H5-H6 -> 463.08836 | I19: =I5-I6 -> 560.63169

Sheet Dự toán thu - chi
A1: Phụ lục V
A2: PHÂN KHAI HỌC PHÍ ĐÀO TẠO, SÁT HẠCH LÁI XE MÔ TÔ HẠNG A
F3: ĐVT: Triệu đồng
A4: TT | B4: CHỈ TIÊU | C4: Năm thứ 1 | D4: Năm thứ 2 | E4: Năm thứ 3 | F4: Năm thứ 4 | G4: Năm thứ 5 | H4: 1000000
A5: A | B5: Doanh thu | C5: =SUM(C6:C8) -> 562.45 | D5: =SUM(D6:D8) -> 1548.1725 | E5: =SUM(E6:E8) -> 1884.6005 | F5: =SUM(F6:F8) -> 2293.299 | G5: =SUM(G6:G8) -> 2768.2774 | H5: =C5/$H4 -> 0.00056245 | I5: =D5/$H4 -> 0.0015481725 | J5: =E5/$H4 -> 0.0018846005 | K5: =F5/$H4 -> 0.002293299 | L5: =G5/$H4 -> 0.0027682774 | M5: =H5/$H4 -> 5.6245e-10 | N5: =I5/$H4 -> 1.5481725e-09 | O5: =J5/$H4 -> 1.8846005e-09 | ... Q5: =L5/$H4 -> 2.7682774e-09
A6: 1 | B6: Đào tạo lái xe mô tô hạng A | C6: ='Nội dung khoán tHU CHI học phí'!E5 -> 517 | D6: ='Nội dung khoán tHU CHI học phí'!F5 -> 1480.5 | E6: ='Nội dung khoán tHU CHI học phí'!G5 -> 1787.7038 | F6: ='Nội dung khoán tHU CHI học phí'!H5 -> 2176.335 | G6: ='Nội dung khoán tHU CHI học phí'!I5 -> 2627.9245 | H6: =C6/$H$4 -> 0.000517 | I6: =D6/$H$4 -> 0.0014805 | J6: =E6/$H$4 -> 0.0017877038 | K6: =F6/$H$4 -> 0.002176335 | L6: =G6/$H$4 -> 0.0026279245
A7: 2 | B7: Cho thuê sân, thiết bị ôn luyện hạng A | C7: ='Nội dung khoán THU CHI thuê sân'!E6 -> 11 | D7: ='Nội dung khoán THU CHI thuê sân'!F6 -> 31.5 | E7: ='Nội dung khoán THU CHI thuê sân'!G6 -> 39.8475 | F7: ='Nội dung khoán THU CHI thuê sân'!H6 -> 50.82 | G7: ='Nội dung khoán THU CHI thuê sân'!I6 -> 64.2873 | H7: =C7/$H$4 -> 1.1e-05 | I7: =D7/$H$4 -> 3.15e-05 | J7: =E7/$H$4 -> 3.98475e-05 | K7: =F7/$H$4 -> 5.082e-05 | L7: =G7/$H$4 -> 6.42873e-05
A8: 3 | B8: Cho thuê sân, thiết bị sát hạch hạng A | C8: ='Nội dung khoán THU CHI thuê sân'!E9 -> 34.45 | D8: ='Nội dung khoán THU CHI thuê sân'!F9 -> 36.1725 | E8: ='Nội dung khoán THU CHI thuê sân'!G9 -> 57.0492 | F8: ='Nội dung khoán THU CHI thuê sân'!H9 -> 66.144 | G8: ='Nội dung khoán THU CHI thuê sân'!I9 -> 76.0656 | H8: =C8/$H$4 -> 3.445e-05 | I8: =D8/$H$4 -> 3.61725e-05 | J8: =E8/$H$4 -> 5.70492e-05 | K8: =F8/$H$4 -> 6.6144e-05 | L8: =G8/$H$4 -> 7.60656e-05
A9: B | B9: Chi phí =(1+2+3+…+11+12) | C9: =SUM(C10:C21) -> 600.19854 | D9: =SUM(D10:D21) -> 1349.3808 | E9: =SUM(E10:E21) -> 1595.1987 | F9: =SUM(F10:F21) -> 1899.9954 | G9: =SUM(G10:G21) -> 2254.1805
A10: 1 | B10: Nhiên liệu | C10: ='Nội dung khoán tHU CHI học phí'!E7+'Nội dung khoán THU CHI thuê sân'!E14+'Nội dung khoán THU CHI thuê sân'!E15 -> 56.465 | D10: ='Nội dung khoán tHU CHI học phí'!F7+'Nội dung khoán THU CHI thuê sân'!F14+'Nội dung khoán THU CHI thuê sân'!F15 -> 155.44725 | E10: ='Nội dung khoán tHU CHI học phí'!G7+'Nội dung khoán THU CHI thuê sân'!G14+'Nội dung khoán THU CHI thuê sân'!G15 -> 189.257 | F10: ='Nội dung khoán tHU CHI học phí'!H7+'Nội dung khoán THU CHI thuê sân'!H14+'Nội dung khoán THU CHI thuê sân'!H15 -> 230.3463 | G10: ='Nội dung khoán tHU CHI học phí'!I7+'Nội dung khoán THU CHI thuê sân'!I14+'Nội dung khoán THU CHI thuê sân'!I15 -> 278.11349
A11: 2 | B11: Khấu hao cơ sở vật chất | C11: ='Khấu hao'!$I$17-'Khấu hao'!I13-'Khấu hao'!I15 -> 126.60729 | D11: ='Khấu hao'!$I$17 -> 184.24729 | E11: ='Khấu hao'!$I$17 -> 184.24729 | F11: ='Khấu hao'!$I$17 -> 184.24729 | G11: ='Khấu hao'!$I$17 -> 184.24729
A12: 4 | B12: Tiền lương giảng dạy lý thuyết | C12: ='Nội dung khoán tHU CHI học phí'!E10 -> 62.04 | D12: ='Nội dung khoán tHU CHI học phí'!F10 -> 177.66 | E12: ='Nội dung khoán tHU CHI học phí'!G10 -> 214.52445 | F12: ='Nội dung khoán tHU CHI học phí'!H10 -> 261.1602 | G12: ='Nội dung khoán tHU CHI học phí'!I10 -> 315.35094
A13: 5 | B13: Khoán lương dạy thực hành | C13: ='Nội dung khoán tHU CHI học phí'!E11 -> 62.04 | D13: ='Nội dung khoán tHU CHI học phí'!F11 -> 177.66 | E13: ='Nội dung khoán tHU CHI học phí'!G11 -> 214.52445 | F13: ='Nội dung khoán tHU CHI học phí'!H11 -> 261.1602 | G13: ='Nội dung khoán tHU CHI học phí'!I11 -> 315.35094
A14: 6 | B14: Khoán lương bộ phận trực tiếp cho thuê xe và sân | C14: ='Nội dung khoán THU CHI thuê sân'!E22 -> 4.545 | D14: ='Nội dung khoán THU CHI thuê sân'!F22 -> 6.76725 | E14: ='Nội dung khoán THU CHI thuê sân'!G22 -> 9.68967 | F14: ='Nội dung khoán THU CHI thuê sân'!H22 -> 11.6964 | G14: ='Nội dung khoán THU CHI thuê sân'!I22 -> 14.03529
A15: 6 | B15: Khoán thuê phương tiện | C15: ='Nội dung khoán tHU CHI học phí'!E12 -> 113.74 | D15: ='Nội dung khoán tHU CHI học phí'!F12 -> 325.71 | E15: ='Nội dung khoán tHU CHI học phí'!G12 -> 393.29483 | F15: ='Nội dung khoán tHU CHI học phí'!H12 -> 478.7937 | G15: ='Nội dung khoán tHU CHI học phí'!I12 -> 578.14339
A16: 7 | B16: Khoán tuyển sinh | C16: ='Nội dung khoán tHU CHI học phí'!E13 -> 25.85 | D16: ='Nội dung khoán tHU CHI học phí'!F13 -> 74.025 | E16: ='Nội dung khoán tHU CHI học phí'!G13 -> 89.385188 | F16: ='Nội dung khoán tHU CHI học phí'!H13 -> 108.81675 | G16: ='Nội dung khoán tHU CHI học phí'!I13 -> 131.39623
A17: 8 | B17: Khoán văn phòng phẩm phục vụ đào tạo, sát hạch A | C17: ='Nội dung khoán THU CHI thuê sân'!E20+'Nội dung khoán tHU CHI học phí'!E14 -> 6.548 | D17: ='Nội dung khoán THU CHI thuê sân'!F20+'Nội dung khoán tHU CHI học phí'!F14 -> 16.2519 | E17: ='Nội dung khoán THU CHI thuê sân'!G20+'Nội dung khoán tHU CHI học phí'!G14 -> 20.159006 | F17: ='Nội dung khoán THU CHI thuê sân'!H20+'Nội dung khoán tHU CHI học phí'!H14 -> 24.40911 | G17: ='Nội dung khoán THU CHI thuê sân'!I20+'Nội dung khoán tHU CHI học phí'!I14 -> 29.321869
A18: 9 | B18: Chi phí lương cho bộ phận quản lý (15% lương TT) | C18: =(C12+C13+C14)*0.15 -> 19.29375 | D18: =(D12+D13+D14)*0.15 -> 54.313088 | E18: =(E12+E13+E14)*0.15 -> 65.810786 | F18: =(F12+F13+F14)*0.15 -> 80.10252 | G18: =(G12+G13+G14)*0.15 -> 96.710576
A19: 10 | B19: Chi phí quản lý chung đào tạo, sát hạch mô tô (10%) | C19: =C5*0.1 -> 56.245 | D19: =D5*0.1 -> 154.81725 | E19: =E5*0.1 -> 188.46005 | F19: =F5*0.1 -> 229.3299 | G19: =G5*0.1 -> 276.82774
A20: 11 | B20: Đào tạo bồi dưỡng (2027:09GV) | C20: 61.2 | D20: 7 | E20: 7 | F20: 7 | G20: 7
A21: 12 | B21: Chi phí hoạt động (điện, nước…) | C21: =C5*1% -> 5.6245 | D21: =D5*1% -> 15.481725 | E21: =E5*1% -> 18.846005 | F21: =F5*1% -> 22.93299 | G21: =G5*1% -> 27.682774
A22: C | B22: Chênh lệch thu - Chi | C22: =C5-C9 -> -37.748539 | D22: =D5-D9 -> 198.79175 | E22: =E5-E9 -> 289.40174 | F22: =F5-F9 -> 393.30364 | G22: =G5-G9 -> 514.09688
B23: Nộp thuế GTGT (ước tính) | C23: =(C7+C8)*5% -> 2.2725 | D23: =(D7+D8)*5% -> 3.383625 | E23: =(E7+E8)*5% -> 4.844835 | F23: =(F7+F8)*5% -> 5.8482 | G23: =(G7+G8)*5% -> 7.017645
B24: Nộp thuế TNDN | C24: =(C8+C7)*5%+C6*2% -> 12.6125 | D24: =(D8+D7)*5%+D6*2% -> 32.993625 | E24: =(E8+E7)*5%+E6*2% -> 40.59891 | F24: =(F8+F7)*5%+F6*2% -> 49.3749 | G24: =(G8+G7)*5%+G6*2% -> 59.576135
A25: IV | B25: Lợi nhuận sau thuế | C25: =C22-C23-C24 -> -52.633539 | D25: =D22-D23-D24 -> 162.4145 | E25: =E22-E23-E24 -> 243.958 | F25: =F22-F23-F24 -> 338.08054 | G25: =G22-G23-G24 -> 447.5031
A26: V | B26: Xác định thời gian hoàn vốn đầu tư
A27: 1 | B27: Tổng vốn đầu tư | C27: 1730.2
A28: 2 | B28: Dòng tiền | C28: =C25+C11 -> 73.97375 | D28: =D25+D11 -> 346.66179 | E28: =E25+E11 -> 428.20529 | F28: =F25+F11 -> 522.32783 | G28: =G25+G11 -> 631.75039
A29: 3 | B29: Thời gian hoàn vốn | C29: =IF(G30<C27,"Chưa hoàn vốn trong 5 năm",IF(C30>=C27,C27/C28,COUNTIF(C30:G30,"<"&C27)+(C27-INDEX(C30:G30,COUNTIF(C30:G30,"<"&C27)))/INDEX(C28:G28,COUNTIF(C30:G30,"<"&C27)+1))) -> 4.568312
A30: 4 | B30: Dòng tiền lũy kế | C30: =C28 -> 73.97375 | D30: =C30+D28 -> 420.63554 | E30: =D30+E28 -> 848.84082 | F30: =E30+F28 -> 1371.1687 | G30: =F30+G28 -> 2002.919

Sheet Khấu hao
A1: PHỤ LỤC
A2: TÍNH KHẤU HAO CƠ SỞ VẬT CHẤT VÀ TRANG THIẾT BỊ HỤC VỤ CHO ĐÀO TẠO VÀ SÁT HẠCH HẠNG A
I3: ĐVT: Triệu đồng
A4: TT | B4: Nội dung | C4: Đơn vị tính | D4: Số lượng | E4: Nguyên giá | F4: Tần suất sử dụng | G4: Nguyên giá sử dụng | H4: Tỷ lệ khấu hao | I4: Mức khấu hao hàng năm | J4: Ghi chú
A5: 1 | B5: 2 | C5: 3 | D5: 4 | E5: 5 | F5: 6 | G5: 7=5*6 | H5: 8 | I5: 9=7x8 | J5: 10
A6: 1 | B6: Phòng học lý thuyết | C6: m2 | D6: 145 | E6: =(6143/20)*2 -> 614.3 | F6: 0.1 | G6: =E6*F6 -> 61.43 | H6: 0.04 | I6: =G6*H6 -> 2.4572 | J6: Thời gian sử dụng 20 năm
A7: 2 | B7: Phòng máy vi tính | C7: m2 | D7: 70 | E7: =6143/20 -> 307.15 | F7: 0.1 | G7: =E7*F7 -> 30.715 | H7: 0.04 | I7: =G7*H7 -> 1.2286 | J7: Thời gian sử dụng 20 năm
A8: 3 | B8: Máy vi tính (30 máy trạm, 2 máy chủ) | C8: Bộ | D8: 32 | E8: =(D8*14.71) -> 470.72 | F8: 0.1 | G8: =E8*F8 -> 47.072 | H8: 0.1429 | I8: =G8*H8 -> 6.7265888 | J8: Thời gian sử dụng 7 năm
A9: 4 | B9: Nhà điều hành số 2 | C9: Nhà | D9: 1 | E9: 70 | F9: 1 | G9: =E9*F9 -> 70 | H9: 0.0667 | I9: =G9*H9 -> 4.669 | J9: Thời gian sử dụng 15 năm
A10: 5 | B10: Xe mô tô sát hạch Hạng A (Honda CB350 H'ness) | C10: Chiếc | D10: 2 | E10: =130*D10 -> 260 | F10: 1 | G10: =E10*F10 -> 260 | H10: 0.1 | I10: =G10*H10 -> 26 | J10: Thời gian sử dụng 10 năm
A11: 6 | B11: Sân tập | C11: sân | D11: 3 | E11: =((590000000+100000+98658000+11760000)/1000000) -> 700.518 | F11: 0.5 | G11: =E11*F11 -> 350.259 | H11: 0.1 | I11: =G11*H11 -> 35.0259 | J11: Thời gian sử dụng 10 năm
A12: 7 | B12: Sân sát hạch bài tổng hợp số 1 | C12: Sân | D12: 1 | E12: 80 | F12: 1 | G12: =E12*F12 -> 80 | H12: 0.1 | I12: =G12*H12 -> 8 | J12: Thời gian sử dụng 10 năm | K12: =1/8 -> 0.125
A13: 8 | B13: Sân sát hạch bài tổng hợp số 2 | C13: Sân | D13: 1 | E13: =590 -> 590 | F13: 0.5 | G13: =E13*F13 -> 295 | H13: 0.1 | I13: =G13*H13 -> 29.5 | J13: Thời gian sử dụng 10 năm
A14: 9 | B14: Thiết bị chấm điểm tự động trên xe sát hạch Hạng A, trên sân và tại phòng điều hành sát hạch thực hành Hạng A (module điều khiển chính, module hiển thị và camera, module tần số radio, phần mềm) | C14: Hệ thống | D14: 1 | E14: 200 | F14: 1 | G14: =E14*F14 -> 200 | H14: 0.2 | I14: =G14*H14 -> 40 | J14: Thời gian sử dụng 5 năm
A15: 10 | B15: Thiết bị, phần mềm sát hạch xử lý tình huống giả định trên đường Hạng A1, A | C15: Hệ thống | D15: 1 | E15: =469 -> 469 | F15: 0.3 | G15: =E15*F15 -> 140.7 | H15: 0.2 | I15: =G15*H15 -> 28.14 | J15: Thời gian sử dụng 5 năm
A16: 11 | B16: Thiết bị hỗ trợ sát hạch: Bộ đàm; hệ thống âm thanh; màn hình hiển thị; camera giám sát; máy phát điện dự phòng; thiết bị lưu điện | C16: Hệ thống | D16: 1 | E16: =200 -> 200 | F16: 0.1 | G16: =E16*F16 -> 20 | H16: 0.125 | I16: =G16*H16 -> 2.5 | J16: Thời gian sử dụng 8 năm
A17: Tổng | E17: =SUM(E6:E16) -> 3961.688 | G17: =SUM(G6:G16) -> 1555.176 | I17: =SUM(I6:I16) -> 184.24729

Sheet Dự kiến thu
A3: Chỉ tiêu | B3: Năm 2027 | C3: Năm 2028 | D3: Năm 2029 | E3: Năm 2030 | F3: Năm 2031
A4: Số học viên đào tạo (dự kiến bình quân 45 HV/khoá) | B4: 220 | C4: 600 | D4: 690 | E4: 800 | F4: 920
A5: Học phí/học viên (dự kiến) | B5: ='lộ trình hp'!B6 -> 2.35 | C5: ='lộ trình hp'!C6 -> 2.4675 | D5: ='lộ trình hp'!D6 -> 2.590875 | E5: ='lộ trình hp'!E6 -> 2.7204188 | F5: ='lộ trình hp'!F6 -> 2.8564397
A6: Tổng doanh thu dự kiến/năm | B6: =B4*B5 -> 517 | C6: =C4*C5 -> 1480.5 | D6: =D4*D5 -> 1787.7038 | E6: =E4*E5 -> 2176.335 | F6: =F4*F5 -> 2627.9245
A8: Chỉ tiêu | B8: Năm 2027 | C8: Năm 2028 | D8: Năm 2029 | E8: Năm 2030 | F8: Năm 2031
A9: Số lượt cho thuê thiết bị ôn luyện | B9: =B4 -> 220 | C9: =C4 -> 600 | D9: =D4 -> 690 | E9: =E4 -> 800 | F9: =F4 -> 920
A10: Đơn giá cho thuê | B10: ='lộ trình hp'!B8 -> 0.05 | C10: ='lộ trình hp'!C8 -> 0.0525 | D10: ='lộ trình hp'!D8 -> 0.05775 | E10: ='lộ trình hp'!E8 -> 0.063525 | F10: ='lộ trình hp'!F8 -> 0.0698775
A11: Tổng doanh thu | B11: =B10*B9 -> 11 | C11: =C10*C9 -> 31.5 | D11: =D10*D9 -> 39.8475 | E11: =E10*E9 -> 50.82 | F11: =F10*F9 -> 64.2873
A13: Chỉ tiêu | B13: Năm 2027 | C13: Năm 2028 | D13: Năm 2029 | E13: Năm 2030 | F13: Năm 2031
A14: Số lượt cho thuê thiết bị sát hạch | B14: 500 | C14: =B14*(1+5%) -> 525 | D14: =D9*(1+20%) -> 828 | E14: =E9*(1+20%) -> 960 | F14: =F9*(1+20%) -> 1104
A15: Đơn giá cho thuê | B15: 0.0689 | C15: 0.0689 | D15: 0.0689 | E15: 0.0689 | F15: 0.0689
A16: Tổng doanh thu | B16: =B15*B14 -> 34.45 | C16: =C15*C14 -> 36.1725 | D16: =D15*D14 -> 57.0492 | E16: =E15*E14 -> 66.144 | F16: =F15*F14 -> 76.0656

Sheet Độ nhạy
A1: PHÂN TÍCH ĐỘ NHẠY THEO SỐ HỌC VIÊN HẠNG A
A2: Đơn vị tính: triệu đồng. Tính bằng cùng công thức sheet "Dự toán thu - chi" (giữ nguyên khấu hao, chi bồi dưỡng; các khoản khác, thuế theo tỷ lệ doanh thu). Cập nhật 22/10/2026 theo số liệu phòng TC-KT chốt (khoán tuyển sinh 5%, thuê xe 22%, thiết bị chấm điểm 200 triệu đồng).
A4: Kịch bản | B4: Chỉ tiêu | C4: Năm thứ 1 | D4: Năm thứ 2 | E4: Năm thứ 3 | F4: Năm thứ 4 | G4: Năm thứ 5 | H4: Thời gian hoàn vốn (năm)
A5: 100% kế hoạch (Bảng 7) | B5: Doanh thu | C5: 562.45 | D5: 1548.17 | E5: 1884.6 | F5: 2293.3 | G5: 2768.28 | H5: 4.57
B6: Chi phí | C6: 600.2 | D6: 1349.38 | E6: 1595.2 | F6: 1900 | G6: 2254.18
B7: Lợi nhuận sau thuế | C7: -52.63 | D7: 162.41 | E7: 243.96 | F7: 338.08 | G7: 447.5
B8: Dòng tiền | C8: 73.97 | D8: 346.66 | E8: 428.21 | F8: 522.33 | G8: 631.75
B9: Dòng tiền lũy kế | C9: 73.97 | D9: 420.64 | E9: 848.84 | F9: 1371.17 | G9: 2002.92
A10: 70% kế hoạch | B10: Doanh thu | C10: 393.72 | D10: 1083.72 | E10: 1319.22 | F10: 1605.31 | G10: 1937.79 | H10: Chưa hoàn vốn trong 5 năm
B11: Chi phí | C11: 476.48 | D11: 1001.94 | E11: 1174.01 | F11: 1387.37 | G11: 1635.3
B12: Lợi nhuận sau thuế | C12: -93.19 | D12: 56.32 | E12: 113.4 | F12: 179.28 | G12: 255.88
B13: Dòng tiền | C13: 33.42 | D13: 240.56 | E13: 297.64 | F13: 363.53 | G13: 440.13
B14: Dòng tiền lũy kế | C14: 33.42 | D14: 273.98 | E14: 571.63 | F14: 935.16 | G14: 1375.28
A15: 50% kế hoạch | B15: Doanh thu | C15: 281.23 | D15: 774.09 | E15: 942.3 | F15: 1146.65 | G15: 1384.14 | H15: Chưa hoàn vốn trong 5 năm
B16: Chi phí | C16: 394 | D16: 770.31 | E16: 893.22 | F16: 1045.62 | G16: 1222.71
B17: Lợi nhuận sau thuế | C17: -120.22 | D17: -14.42 | E17: 26.36 | F17: 73.42 | G17: 128.13
B18: Dòng tiền | C18: 6.39 | D18: 169.83 | E18: 210.6 | F18: 257.66 | G18: 312.38
B19: Dòng tiền lũy kế | C19: 6.39 | D19: 176.22 | E19: 386.82 | F19: 644.48 | G19: 956.86
A21: Vốn đầu tư dùng làm mẫu số: 1.730,2 triệu đồng (Bảng 10 Đề án; 'Dự toán thu - chi'!C27), phòng TC-KT chốt 22/10/2026.
