Workbook

Sheet Ke Hoach
A1: Phụ lục I (Kèm theo Quyết định số: /QĐ-CĐKT ngày tháng năm 2026 của Hiệu trưởng Trường Cao đẳng Kon Tum)
A2: KẾ HOẠCH THỰC HIỆN NHIỆM VỤ CÔNG TÁC QUÝ III NĂM 2026 VÀ DANH MỤC SẢN PHẨM/ CÔNG VIỆC CỦA CÁ NHÂN VIÊN CHỨC TRƯỜNG CAO ĐẲNG KON TUM
B4: Họ và tên: …............ Ngày sinh: …..............
B5: Chức vụ Đảng: …..............................................................................................................................
B6: Chức vụ chính quyền: …......................................................................................................................
B7: Chức vụ đoàn thể: …..............................................................................................................................
B8: Đơn vị công tác: …..................................................................................................................................
A10: STT | B10: Nhiệm vụ theo quý | C10: Cấp trình | D10: Độ khó, mới, phức tạp; phạm vi tác động | E10: Sản phẩm | F10: Số lượng | G10: Thời gian hoàn thành | H10: Điểm chấm công việc | I10: Hệ số quy đổi | J10: Ghi chú
A11: (1) | B11: (2) | C11: (3) | D11: (4) | E11: (5) | F11: (6) | G11: (7) | H11: (8) | I11: (9) | J11: (10)
A12: A | B12: Các nhiệm vụ theo kế hoạch (chương trình) công tác đã đề ra từ đầu năm
A13: I | B13: Trục (1) - Thực hiện mục tiêu phát triển Kinh tế - xã hội và nhiệm vụ chính trị được giao
A14: 1 | B14: Tổ chức thi và hoàn thiện hồ sơ lớp bồi dưỡng tiếng dân tộc thiểu số Bahnar khoá 1 năm 2026. | C14: Trường Cao đẳng Kon Tum | D14: Thường xuyên, nhiệm vụ chủ yếu là thống kê (mức độ thấp) | E14: Hồ sơ thi và hoàn thiện hồ sơ lớp bồi dưỡng | F14: 5 | G14: 46266 | H14: 100 | I14: 1
A15: 2
A16: 3
A17: 4
A18: 5
A19: 6
A20: 7
A21: 8
A22: 9
A23: 10
A24: 11
A25: 12
A26: 13
... A33: 20
A34: II | B34: Trục (2) - Hoàn thiện thể chế, đẩy mạnh phân cấp, phân quyền gắn với kiểm tra, giám sát
A35: 1
A36: 2
A37: 3
A38: 4
A39: 5
A40: 6
A41: 7
A42: 8
A43: 9
A44: 10
A45: 11
A46: 12
... A54: 20
A55: III | B55: Trục (3) - Thúc đẩy phát triển khoa học, công nghệ, đổi mới sáng tạo và chuyển đổi số
A56: 1
A57: 2
A58: 3
A59: 4
A60: 5
A61: 6
A62: 7
A63: 8
A64: 9
A65: 10
A66: 11
A67: 12
... A75: 20
A76: IV | B76: Trục (4) - Xây dựng đảng và hệ thống chính trị trong sạch, vững mạnh; giữ gìn đoàn kết, thống nhất nội bộ; phòng, chống tham nhũng, lãng phí, tiêu cực
A77: 1
A78: 2
A79: 3
A80: 4
A81: 5
A82: 6
A83: 7
A84: 8
A85: 9
A86: 10
A87: 11
A88: 12
... A96: 20
A97: V | B97: Trục (5) - Phát triển văn hóa, con người, bảo đảm an sinh xã hội, nâng cao đời sống nhân dân
A98: 1
A99: 2
A100: 3
A101: 4
A102: 5
A103: 6
A104: 7
A105: 8
A106: 9
A107: 10
A108: 11
A109: 12
... A117: 20
A118: VI | B118: Trục (6) - Củng cố quốc phòng, an ninh, giữ vững ổn định chính trị - xã hội, nâng cao hiệu quả đối ngoại và hội nhập quốc tế
A119: 1
A120: 2
A121: 3
A122: 4
A123: 5
A124: 6
A125: 7
A126: 8
A127: 9
A128: 10
A129: 11
A130: 12
... A138: 20
A139: B | B139: Các nhiệm vụ đột xuất, phát sinh ở Quý trước phải thực hiện sang Quý sau (nếu có)
A140: C | B140: Kết quả khắc phục các khuyết điểm theo kế hoạch cá nhân đã đề ra trong quý (nếu có); yêu cầu nêu cụ thể bằng sản phẩm
A141: 1
A142: 2
E144: Quảng Ngãi, ngày tháng năm 2026
...

Sheet KPI
A1: Phụ lục II (Kèm theo Quyết định số: /QĐ-CĐKT ngày tháng năm 2026 của Hiệu trưởng Trường Cao đẳng Kon Tum)
A2: DANH MỤC SẢN PHẨM CÔNG TÁC TRỌNG TÂM QUÝ III NĂM 2026 CỦA TRƯỜNG CAO ĐẲNG KON TUM -----
A3: STT | B3: NHIỆM VỤ ĐỀ RA KẾ HOẠCH | K3: THỰC TẾ TRIỂN KHAI | R3: Ghi chú
B4: NỘI DUNG CÔNG VIỆC | C4: Người trực tiếp chỉ đạo | D4: Người phối hợp | E4: Đơn vị tham mưu | F4: Sản phẩm dự kiến hoàn thành | G4: Số lượng | H4: Thời gian hoàn thành | I4: Hệ số quy đổi | J4: Số lượng quy đổi | K4: Sản phẩm | L4: KPI (số lượng) | N4: KPI (chất lượng) | P4: KPI (tiến độ)
L5: Thực tế hoàn thành | M5: Quy đổi | N5: Thực tế hoàn thành | O5: Quy đổi | P5: Thực tế hoàn thành | Q5: Quy đổi
N6: Nhập tỷ lệ % mức độ đáp ứng | P6: Nhập tỷ lệ % mức độ đáp ứng
A7: A | B7: Các nhiệm vụ theo kế hoạch (chương trình) công tác đã đề ra từ đầu năm
A8: I | B8: Trục (1) Thực hiện mục tiêu phát triển Kinh tế - xã hội và nhiệm vụ chính trị được giao | J8: =SUM(J9:J28) -> 5 | M8: =SUM(M9:M28) -> 4 | O8: =SUM(O9:O28) -> 4 | Q8: =SUM(Q9:Q28) -> 4 | R8: =(M8+O8+Q8)/3 -> 4
A9: 1 | B9: ='Ke Hoach'!B14 -> Tổ chức thi và hoàn thiện hồ sơ lớp bồi dưỡng tiếng dân tộc thiểu số Bahnar khoá 1 năm 2026. | G9: ='Ke Hoach'!F14 -> 5 | H9: ='Ke Hoach'!G14 -> 46266 | I9: ='Ke Hoach'!I14 -> 1 | J9: =G9*I9 -> 5 | L9: 4 | M9: =IF(G9=0,0,MIN(L9,G9)*I9) -> 4 | N9: 100 | O9: =I9*L9*N9/100 -> 4 | P9: 100 | Q9: =I9*L9*P9/100 -> 4
A10: 2 | B10: ='Ke Hoach'!B15 -> 0 | G10: ='Ke Hoach'!F15 -> 0 | H10: ='Ke Hoach'!G15 -> 0 | I10: ='Ke Hoach'!I15 -> 0 | J10: =G10*I10 -> 0 | M10: =IF(G10=0,0,MIN(L10,G10)*I10) -> 0 | O10: =I10*L10*N10/100 -> 0 | Q10: =I10*L10*P10/100 -> 0
A11: 3 | B11: ='Ke Hoach'!B16 -> 0 | G11: ='Ke Hoach'!F16 -> 0 | H11: ='Ke Hoach'!G16 -> 0 | I11: ='Ke Hoach'!I16 -> 0 | J11: =G11*I11 -> 0 | M11: =IF(G11=0,0,MIN(L11,G11)*I11) -> 0 | O11: =I11*L11*N11/100 -> 0 | Q11: =I11*L11*P11/100 -> 0
A12: 4 | B12: ='Ke Hoach'!B17 -> 0 | G12: ='Ke Hoach'!F17 -> 0 | H12: ='Ke Hoach'!G17 -> 0 | I12: ='Ke Hoach'!I17 -> 0 | J12: =G12*I12 -> 0 | M12: =IF(G12=0,0,MIN(L12,G12)*I12) -> 0 | O12: =I12*L12*N12/100 -> 0 | Q12: =I12*L12*P12/100 -> 0
A13: 5 | B13: ='Ke Hoach'!B18 -> 0 | G13: ='Ke Hoach'!F18 -> 0 | H13: ='Ke Hoach'!G18 -> 0 | I13: ='Ke Hoach'!I18 -> 0 | J13: =G13*I13 -> 0 | M13: =IF(G13=0,0,MIN(L13,G13)*I13) -> 0 | O13: =I13*L13*N13/100 -> 0 | Q13: =I13*L13*P13/100 -> 0
A14: 6 | B14: ='Ke Hoach'!B19 -> 0 | G14: ='Ke Hoach'!F19 -> 0 | H14: ='Ke Hoach'!G19 -> 0 | I14: ='Ke Hoach'!I19 -> 0 | J14: =G14*I14 -> 0 | M14: =IF(G14=0,0,MIN(L14,G14)*I14) -> 0 | O14: =I14*L14*N14/100 -> 0 | Q14: =I14*L14*P14/100 -> 0
A15: 7 | B15: ='Ke Hoach'!B20 -> 0 | G15: ='Ke Hoach'!F20 -> 0 | H15: ='Ke Hoach'!G20 -> 0 | I15: ='Ke Hoach'!I20 -> 0 | J15: =G15*I15 -> 0 | M15: =IF(G15=0,0,MIN(L15,G15)*I15) -> 0 | O15: =I15*L15*N15/100 -> 0 | Q15: =I15*L15*P15/100 -> 0
A16: 8 | B16: ='Ke Hoach'!B21 -> 0 | G16: ='Ke Hoach'!F21 -> 0 | H16: ='Ke Hoach'!G21 -> 0 | I16: ='Ke Hoach'!I21 -> 0 | J16: =G16*I16 -> 0 | M16: =IF(G16=0,0,MIN(L16,G16)*I16) -> 0 | O16: =I16*L16*N16/100 -> 0 | Q16: =I16*L16*P16/100 -> 0
A17: 9 | B17: ='Ke Hoach'!B22 -> 0 | G17: ='Ke Hoach'!F22 -> 0 | H17: ='Ke Hoach'!G22 -> 0 | I17: ='Ke Hoach'!I22 -> 0 | J17: =G17*I17 -> 0 | M17: =IF(G17=0,0,MIN(L17,G17)*I17) -> 0 | O17: =I17*L17*N17/100 -> 0 | Q17: =I17*L17*P17/100 -> 0
A18: 10 | B18: ='Ke Hoach'!B23 -> 0 | G18: ='Ke Hoach'!F23 -> 0 | H18: ='Ke Hoach'!G23 -> 0 | I18: ='Ke Hoach'!I23 -> 0 | J18: =G18*I18 -> 0 | M18: =IF(G18=0,0,MIN(L18,G18)*I18) -> 0 | O18: =I18*L18*N18/100 -> 0 | Q18: =I18*L18*P18/100 -> 0
A19: 11 | B19: ='Ke Hoach'!B24 -> 0 | G19: ='Ke Hoach'!F24 -> 0 | H19: ='Ke Hoach'!G24 -> 0 | I19: ='Ke Hoach'!I24 -> 0 | J19: =G19*I19 -> 0 | M19: =IF(G19=0,0,MIN(L19,G19)*I19) -> 0 | O19: =I19*L19*N19/100 -> 0 | Q19: =I19*L19*P19/100 -> 0
A20: 12 | B20: ='Ke Hoach'!B25 -> 0 | G20: ='Ke Hoach'!F25 -> 0 | H20: ='Ke Hoach'!G25 -> 0 | I20: ='Ke Hoach'!I25 -> 0 | J20: =G20*I20 -> 0 | M20: =IF(G20=0,0,MIN(L20,G20)*I20) -> 0 | O20: =I20*L20*N20/100 -> 0 | Q20: =I20*L20*P20/100 -> 0
A21: 13 | B21: ='Ke Hoach'!B26 -> 0 | G21: ='Ke Hoach'!F26 -> 0 | H21: ='Ke Hoach'!G26 -> 0 | I21: ='Ke Hoach'!I26 -> 0 | J21: =G21*I21 -> 0 | M21: =IF(G21=0,0,MIN(L21,G21)*I21) -> 0 | O21: =I21*L21*N21/100 -> 0 | Q21: =I21*L21*P21/100 -> 0
... A28: 20 | B28: ='Ke Hoach'!B33 -> 0 | G28: ='Ke Hoach'!F33 -> 0 | H28: ='Ke Hoach'!G33 -> 0 | I28: ='Ke Hoach'!I33 -> 0 | J28: =G28*I28 -> 0 | M28: =IF(G28=0,0,MIN(L28,G28)*I28) -> 0 | O28: =I28*L28*N28/100 -> 0 | Q28: =I28*L28*P28/100 -> 0
A29: II | B29: Trục (2) - Hoàn thiện thể chế, đẩy mạnh phân cấp, phân quyền gắn với kiểm tra, giám sát | J29: =SUM(J30:J49) -> 0 | M29: =SUM(M30:M49) -> 0 | O29: =SUM(O30:O49) -> 0 | Q29: =SUM(Q30:Q49) -> 0 | R29: =(M29+O29+Q29)/3 -> 0
A30: 1 | B30: ='Ke Hoach'!B35 -> 0 | G30: ='Ke Hoach'!F35 -> 0 | H30: ='Ke Hoach'!G35 -> 0 | I30: ='Ke Hoach'!I35 -> 0 | J30: =G30*I30 -> 0 | M30: =IF(G30=0,0,MIN(L30,G30)*I30) -> 0 | O30: =I30*L30*N30/100 -> 0 | Q30: =I30*L30*P30/100 -> 0
A31: 2 | B31: ='Ke Hoach'!B36 -> 0 | G31: ='Ke Hoach'!F36 -> 0 | H31: ='Ke Hoach'!G36 -> 0 | I31: ='Ke Hoach'!I36 -> 0 | J31: =G31*I31 -> 0 | M31: =IF(G31=0,0,MIN(L31,G31)*I31) -> 0 | O31: =I31*L31*N31/100 -> 0 | Q31: =I31*L31*P31/100 -> 0
A32: 3 | B32: ='Ke Hoach'!B37 -> 0 | G32: ='Ke Hoach'!F37 -> 0 | H32: ='Ke Hoach'!G37 -> 0 | I32: ='Ke Hoach'!I37 -> 0 | J32: =G32*I32 -> 0 | M32: =IF(G32=0,0,MIN(L32,G32)*I32) -> 0 | O32: =I32*L32*N32/100 -> 0 | Q32: =I32*L32*P32/100 -> 0
A33: 4 | B33: ='Ke Hoach'!B38 -> 0 | G33: ='Ke Hoach'!F38 -> 0 | H33: ='Ke Hoach'!G38 -> 0 | I33: ='Ke Hoach'!I38 -> 0 | J33: =G33*I33 -> 0 | M33: =IF(G33=0,0,MIN(L33,G33)*I33) -> 0 | O33: =I33*L33*N33/100 -> 0 | Q33: =I33*L33*P33/100 -> 0
A34: 5 | B34: ='Ke Hoach'!B39 -> 0 | G34: ='Ke Hoach'!F39 -> 0 | H34: ='Ke Hoach'!G39 -> 0 | I34: ='Ke Hoach'!I39 -> 0 | J34: =G34*I34 -> 0 | M34: =IF(G34=0,0,MIN(L34,G34)*I34) -> 0 | O34: =I34*L34*N34/100 -> 0 | Q34: =I34*L34*P34/100 -> 0
A35: 6 | B35: ='Ke Hoach'!B40 -> 0 | G35: ='Ke Hoach'!F40 -> 0 | H35: ='Ke Hoach'!G40 -> 0 | I35: ='Ke Hoach'!I40 -> 0 | J35: =G35*I35 -> 0 | M35: =IF(G35=0,0,MIN(L35,G35)*I35) -> 0 | O35: =I35*L35*N35/100 -> 0 | Q35: =I35*L35*P35/100 -> 0
A36: 7 | B36: ='Ke Hoach'!B41 -> 0 | G36: ='Ke Hoach'!F41 -> 0 | H36: ='Ke Hoach'!G41 -> 0 | I36: ='Ke Hoach'!I41 -> 0 | J36: =G36*I36 -> 0 | M36: =IF(G36=0,0,MIN(L36,G36)*I36) -> 0 | O36: =I36*L36*N36/100 -> 0 | Q36: =I36*L36*P36/100 -> 0
A37: 8 | B37: ='Ke Hoach'!B42 -> 0 | G37: ='Ke Hoach'!F42 -> 0 | H37: ='Ke Hoach'!G42 -> 0 | I37: ='Ke Hoach'!I42 -> 0 | J37: =G37*I37 -> 0 | M37: =IF(G37=0,0,MIN(L37,G37)*I37) -> 0 | O37: =I37*L37*N37/100 -> 0 | Q37: =I37*L37*P37/100 -> 0
A38: 9 | B38: ='Ke Hoach'!B43 -> 0 | G38: ='Ke Hoach'!F43 -> 0 | H38: ='Ke Hoach'!G43 -> 0 | I38: ='Ke Hoach'!I43 -> 0 | J38: =G38*I38 -> 0 | M38: =IF(G38=0,0,MIN(L38,G38)*I38) -> 0 | O38: =I38*L38*N38/100 -> 0 | Q38: =I38*L38*P38/100 -> 0
A39: 10 | B39: ='Ke Hoach'!B44 -> 0 | G39: ='Ke Hoach'!F44 -> 0 | H39: ='Ke Hoach'!G44 -> 0 | I39: ='Ke Hoach'!I44 -> 0 | J39: =G39*I39 -> 0 | M39: =IF(G39=0,0,MIN(L39,G39)*I39) -> 0 | O39: =I39*L39*N39/100 -> 0 | Q39: =I39*L39*P39/100 -> 0
A40: 11 | B40: ='Ke Hoach'!B45 -> 0 | G40: ='Ke Hoach'!F45 -> 0 | H40: ='Ke Hoach'!G45 -> 0 | I40: ='Ke Hoach'!I45 -> 0 | J40: =G40*I40 -> 0 | M40: =IF(G40=0,0,MIN(L40,G40)*I40) -> 0 | O40: =I40*L40*N40/100 -> 0 | Q40: =I40*L40*P40/100 -> 0
A41: 12 | B41: ='Ke Hoach'!B46 -> 0 | G41: ='Ke Hoach'!F46 -> 0 | H41: ='Ke Hoach'!G46 -> 0 | I41: ='Ke Hoach'!I46 -> 0 | J41: =G41*I41 -> 0 | M41: =IF(G41=0,0,MIN(L41,G41)*I41) -> 0 | O41: =I41*L41*N41/100 -> 0 | Q41: =I41*L41*P41/100 -> 0
... A49: 20 | B49: ='Ke Hoach'!B54 -> 0 | G49: ='Ke Hoach'!F54 -> 0 | H49: ='Ke Hoach'!G54 -> 0 | I49: ='Ke Hoach'!I54 -> 0 | J49: =G49*I49 -> 0 | M49: =IF(G49=0,0,MIN(L49,G49)*I49) -> 0 | O49: =I49*L49*N49/100 -> 0 | Q49: =I49*L49*P49/100 -> 0
A50: III | B50: Trục (3) - Thúc đẩy phát triển khoa học, công nghệ, đổi mới sáng tạo và chuyển đổi số | J50: =SUM(J51:J70) -> 0 | M50: =SUM(M51:M70) -> 0 | O50: =SUM(O51:O70) -> 0 | Q50: =SUM(Q51:Q70) -> 0 | R50: =(M50+O50+Q50)/3 -> 0
A51: 1 | B51: ='Ke Hoach'!B56 -> 0 | G51: ='Ke Hoach'!F56 -> 0 | H51: ='Ke Hoach'!G56 -> 0 | I51: ='Ke Hoach'!I56 -> 0 | J51: =G51*I51 -> 0 | M51: =IF(G51=0,0,MIN(L51,G51)*I51) -> 0 | O51: =I51*L51*N51/100 -> 0 | Q51: =I51*L51*P51/100 -> 0
A52: 2 | B52: ='Ke Hoach'!B57 -> 0 | G52: ='Ke Hoach'!F57 -> 0 | H52: ='Ke Hoach'!G57 -> 0 | I52: ='Ke Hoach'!I57 -> 0 | J52: =G52*I52 -> 0 | M52: =IF(G52=0,0,MIN(L52,G52)*I52) -> 0 | O52: =I52*L52*N52/100 -> 0 | Q52: =I52*L52*P52/100 -> 0
A53: 3 | B53: ='Ke Hoach'!B58 -> 0 | G53: ='Ke Hoach'!F58 -> 0 | H53: ='Ke Hoach'!G58 -> 0 | I53: ='Ke Hoach'!I58 -> 0 | J53: =G53*I53 -> 0 | M53: =IF(G53=0,0,MIN(L53,G53)*I53) -> 0 | O53: =I53*L53*N53/100 -> 0 | Q53: =I53*L53*P53/100 -> 0
A54: 4 | B54: ='Ke Hoach'!B59 -> 0 | G54: ='Ke Hoach'!F59 -> 0 | H54: ='Ke Hoach'!G59 -> 0 | I54: ='Ke Hoach'!I59 -> 0 | J54: =G54*I54 -> 0 | M54: =IF(G54=0,0,MIN(L54,G54)*I54) -> 0 | O54: =I54*L54*N54/100 -> 0 | Q54: =I54*L54*P54/100 -> 0
A55: 5 | B55: ='Ke Hoach'!B60 -> 0 | G55: ='Ke Hoach'!F60 -> 0 | H55: ='Ke Hoach'!G60 -> 0 | I55: ='Ke Hoach'!I60 -> 0 | J55: =G55*I55 -> 0 | M55: =IF(G55=0,0,MIN(L55,G55)*I55) -> 0 | O55: =I55*L55*N55/100 -> 0 | Q55: =I55*L55*P55/100 -> 0
A56: 6 | B56: ='Ke Hoach'!B61 -> 0 | G56: ='Ke Hoach'!F61 -> 0 | H56: ='Ke Hoach'!G61 -> 0 | I56: ='Ke Hoach'!I61 -> 0 | J56: =G56*I56 -> 0 | M56: =IF(G56=0,0,MIN(L56,G56)*I56) -> 0 | O56: =I56*L56*N56/100 -> 0 | Q56: =I56*L56*P56/100 -> 0
A57: 7 | B57: ='Ke Hoach'!B62 -> 0 | G57: ='Ke Hoach'!F62 -> 0 | H57: ='Ke Hoach'!G62 -> 0 | I57: ='Ke Hoach'!I62 -> 0 | J57: =G57*I57 -> 0 | M57: =IF(G57=0,0,MIN(L57,G57)*I57) -> 0 | O57: =I57*L57*N57/100 -> 0 | Q57: =I57*L57*P57/100 -> 0
A58: 8 | B58: ='Ke Hoach'!B63 -> 0 | G58: ='Ke Hoach'!F63 -> 0 | H58: ='Ke Hoach'!G63 -> 0 | I58: ='Ke Hoach'!I63 -> 0 | J58: =G58*I58 -> 0 | M58: =IF(G58=0,0,MIN(L58,G58)*I58) -> 0 | O58: =I58*L58*N58/100 -> 0 | Q58: =I58*L58*P58/100 -> 0
A59: 9 | B59: ='Ke Hoach'!B64 -> 0 | G59: ='Ke Hoach'!F64 -> 0 | H59: ='Ke Hoach'!G64 -> 0 | I59: ='Ke Hoach'!I64 -> 0 | J59: =G59*I59 -> 0 | M59: =IF(G59=0,0,MIN(L59,G59)*I59) -> 0 | O59: =I59*L59*N59/100 -> 0 | Q59: =I59*L59*P59/100 -> 0
A60: 10 | B60: ='Ke Hoach'!B65 -> 0 | G60: ='Ke Hoach'!F65 -> 0 | H60: ='Ke Hoach'!G65 -> 0 | I60: ='Ke Hoach'!I65 -> 0 | J60: =G60*I60 -> 0 | M60: =IF(G60=0,0,MIN(L60,G60)*I60) -> 0 | O60: =I60*L60*N60/100 -> 0 | Q60: =I60*L60*P60/100 -> 0
A61: 11 | B61: ='Ke Hoach'!B66 -> 0 | G61: ='Ke Hoach'!F66 -> 0 | H61: ='Ke Hoach'!G66 -> 0 | I61: ='Ke Hoach'!I66 -> 0 | J61: =G61*I61 -> 0 | M61: =IF(G61=0,0,MIN(L61,G61)*I61) -> 0 | O61: =I61*L61*N61/100 -> 0 | Q61: =I61*L61*P61/100 -> 0
A62: 12 | B62: ='Ke Hoach'!B67 -> 0 | G62: ='Ke Hoach'!F67 -> 0 | H62: ='Ke Hoach'!G67 -> 0 | I62: ='Ke Hoach'!I67 -> 0 | J62: =G62*I62 -> 0 | M62: =IF(G62=0,0,MIN(L62,G62)*I62) -> 0 | O62: =I62*L62*N62/100 -> 0 | Q62: =I62*L62*P62/100 -> 0
... A70: 20 | B70: ='Ke Hoach'!B75 -> 0 | G70: ='Ke Hoach'!F75 -> 0 | H70: ='Ke Hoach'!G75 -> 0 | I70: ='Ke Hoach'!I75 -> 0 | J70: =G70*I70 -> 0 | M70: =IF(G70=0,0,MIN(L70,G70)*I70) -> 0 | O70: =I70*L70*N70/100 -> 0 | Q70: =I70*L70*P70/100 -> 0
A71: IV | B71: Trục (4) - Xây dựng đảng và hệ thống chính trị trong sạch, vững mạnh; giữ gìn đoàn kết, thống nhất nội bộ; phòng, chống tham nhũng, lãng phí, tiêu cực | J71: =SUM(J72:J91) -> 0 | M71: =SUM(M72:M91) -> 0 | O71: =SUM(O72:O91) -> 0 | Q71: =SUM(Q72:Q91) -> 0 | R71: =(M71+O71+Q71)/3 -> 0
A72: 1 | B72: ='Ke Hoach'!B77 -> 0 | G72: ='Ke Hoach'!F77 -> 0 | H72: ='Ke Hoach'!G77 -> 0 | I72: ='Ke Hoach'!I77 -> 0 | J72: =G72*I72 -> 0 | M72: =IF(G72=0,0,MIN(L72,G72)*I72) -> 0 | O72: =I72*L72*N72/100 -> 0 | Q72: =I72*L72*P72/100 -> 0
A73: 2 | B73: ='Ke Hoach'!B78 -> 0 | G73: ='Ke Hoach'!F78 -> 0 | H73: ='Ke Hoach'!G78 -> 0 | I73: ='Ke Hoach'!I78 -> 0 | J73: =G73*I73 -> 0 | M73: =IF(G73=0,0,MIN(L73,G73)*I73) -> 0 | O73: =I73*L73*N73/100 -> 0 | Q73: =I73*L73*P73/100 -> 0
A74: 3 | B74: ='Ke Hoach'!B79 -> 0 | G74: ='Ke Hoach'!F79 -> 0 | H74: ='Ke Hoach'!G79 -> 0 | I74: ='Ke Hoach'!I79 -> 0 | J74: =G74*I74 -> 0 | M74: =IF(G74=0,0,MIN(L74,G74)*I74) -> 0 | O74: =I74*L74*N74/100 -> 0 | Q74: =I74*L74*P74/100 -> 0
A75: 4 | B75: ='Ke Hoach'!B80 -> 0 | G75: ='Ke Hoach'!F80 -> 0 | H75: ='Ke Hoach'!G80 -> 0 | I75: ='Ke Hoach'!I80 -> 0 | J75: =G75*I75 -> 0 | M75: =IF(G75=0,0,MIN(L75,G75)*I75) -> 0 | O75: =I75*L75*N75/100 -> 0 | Q75: =I75*L75*P75/100 -> 0
A76: 5 | B76: ='Ke Hoach'!B81 -> 0 | G76: ='Ke Hoach'!F81 -> 0 | H76: ='Ke Hoach'!G81 -> 0 | I76: ='Ke Hoach'!I81 -> 0 | J76: =G76*I76 -> 0 | M76: =IF(G76=0,0,MIN(L76,G76)*I76) -> 0 | O76: =I76*L76*N76/100 -> 0 | Q76: =I76*L76*P76/100 -> 0
A77: 6 | B77: ='Ke Hoach'!B82 -> 0 | G77: ='Ke Hoach'!F82 -> 0 | H77: ='Ke Hoach'!G82 -> 0 | I77: ='Ke Hoach'!I82 -> 0 | J77: =G77*I77 -> 0 | M77: =IF(G77=0,0,MIN(L77,G77)*I77) -> 0 | O77: =I77*L77*N77/100 -> 0 | Q77: =I77*L77*P77/100 -> 0
A78: 7 | B78: ='Ke Hoach'!B83 -> 0 | G78: ='Ke Hoach'!F83 -> 0 | H78: ='Ke Hoach'!G83 -> 0 | I78: ='Ke Hoach'!I83 -> 0 | J78: =G78*I78 -> 0 | M78: =IF(G78=0,0,MIN(L78,G78)*I78) -> 0 | O78: =I78*L78*N78/100 -> 0 | Q78: =I78*L78*P78/100 -> 0
A79: 8 | B79: ='Ke Hoach'!B84 -> 0 | G79: ='Ke Hoach'!F84 -> 0 | H79: ='Ke Hoach'!G84 -> 0 | I79: ='Ke Hoach'!I84 -> 0 | J79: =G79*I79 -> 0 | M79: =IF(G79=0,0,MIN(L79,G79)*I79) -> 0 | O79: =I79*L79*N79/100 -> 0 | Q79: =I79*L79*P79/100 -> 0
A80: 9 | B80: ='Ke Hoach'!B85 -> 0 | G80: ='Ke Hoach'!F85 -> 0 | H80: ='Ke Hoach'!G85 -> 0 | I80: ='Ke Hoach'!I85 -> 0 | J80: =G80*I80 -> 0 | M80: =IF(G80=0,0,MIN(L80,G80)*I80) -> 0 | O80: =I80*L80*N80/100 -> 0 | Q80: =I80*L80*P80/100 -> 0
A81: 10 | B81: ='Ke Hoach'!B86 -> 0 | G81: ='Ke Hoach'!F86 -> 0 | H81: ='Ke Hoach'!G86 -> 0 | I81: ='Ke Hoach'!I86 -> 0 | J81: =G81*I81 -> 0 | M81: =IF(G81=0,0,MIN(L81,G81)*I81) -> 0 | O81: =I81*L81*N81/100 -> 0 | Q81: =I81*L81*P81/100 -> 0
A82: 11 | B82: ='Ke Hoach'!B87 -> 0 | G82: ='Ke Hoach'!F87 -> 0 | H82: ='Ke Hoach'!G87 -> 0 | I82: ='Ke Hoach'!I87 -> 0 | J82: =G82*I82 -> 0 | M82: =IF(G82=0,0,MIN(L82,G82)*I82) -> 0 | O82: =I82*L82*N82/100 -> 0 | Q82: =I82*L82*P82/100 -> 0
A83: 12 | B83: ='Ke Hoach'!B88 -> 0 | G83: ='Ke Hoach'!F88 -> 0 | H83: ='Ke Hoach'!G88 -> 0 | I83: ='Ke Hoach'!I88 -> 0 | J83: =G83*I83 -> 0 | M83: =IF(G83=0,0,MIN(L83,G83)*I83) -> 0 | O83: =I83*L83*N83/100 -> 0 | Q83: =I83*L83*P83/100 -> 0
... A91: 20 | B91: ='Ke Hoach'!B96 -> 0 | G91: ='Ke Hoach'!F96 -> 0 | H91: ='Ke Hoach'!G96 -> 0 | I91: ='Ke Hoach'!I96 -> 0 | J91: =G91*I91 -> 0 | M91: =IF(G91=0,0,MIN(L91,G91)*I91) -> 0 | O91: =I91*L91*N91/100 -> 0 | Q91: =I91*L91*P91/100 -> 0
A92: V | B92: Trục (5) - Phát triển văn hóa, con người, bảo đảm an sinh xã hội, nâng cao đời sống nhân dân | J92: =SUM(J93:J112) -> 0 | M92: =SUM(M93:M112) -> 0 | O92: =SUM(O93:O112) -> 0 | Q92: =SUM(Q93:Q112) -> 0 | R92: =(M92+O92+Q92)/3 -> 0
A93: 1 | B93: ='Ke Hoach'!B98 -> 0 | G93: ='Ke Hoach'!F98 -> 0 | H93: ='Ke Hoach'!G98 -> 0 | I93: ='Ke Hoach'!I98 -> 0 | J93: =G93*I93 -> 0 | M93: =IF(G93=0,0,MIN(L93,G93)*I93) -> 0 | O93: =I93*L93*N93/100 -> 0 | Q93: =I93*L93*P93/100 -> 0
A94: 2 | B94: ='Ke Hoach'!B99 -> 0 | G94: ='Ke Hoach'!F99 -> 0 | H94: ='Ke Hoach'!G99 -> 0 | I94: ='Ke Hoach'!I99 -> 0 | J94: =G94*I94 -> 0 | M94: =IF(G94=0,0,MIN(L94,G94)*I94) -> 0 | O94: =I94*L94*N94/100 -> 0 | Q94: =I94*L94*P94/100 -> 0
A95: 3 | B95: ='Ke Hoach'!B100 -> 0 | G95: ='Ke Hoach'!F100 -> 0 | H95: ='Ke Hoach'!G100 -> 0 | I95: ='Ke Hoach'!I100 -> 0 | J95: =G95*I95 -> 0 | M95: =IF(G95=0,0,MIN(L95,G95)*I95) -> 0 | O95: =I95*L95*N95/100 -> 0 | Q95: =I95*L95*P95/100 -> 0
A96: 4 | B96: ='Ke Hoach'!B101 -> 0 | G96: ='Ke Hoach'!F101 -> 0 | H96: ='Ke Hoach'!G101 -> 0 | I96: ='Ke Hoach'!I101 -> 0 | J96: =G96*I96 -> 0 | M96: =IF(G96=0,0,MIN(L96,G96)*I96) -> 0 | O96: =I96*L96*N96/100 -> 0 | Q96: =I96*L96*P96/100 -> 0
A97: 5 | B97: ='Ke Hoach'!B102 -> 0 | G97: ='Ke Hoach'!F102 -> 0 | H97: ='Ke Hoach'!G102 -> 0 | I97: ='Ke Hoach'!I102 -> 0 | J97: =G97*I97 -> 0 | M97: =IF(G97=0,0,MIN(L97,G97)*I97) -> 0 | O97: =I97*L97*N97/100 -> 0 | Q97: =I97*L97*P97/100 -> 0
A98: 6 | B98: ='Ke Hoach'!B103 -> 0 | G98: ='Ke Hoach'!F103 -> 0 | H98: ='Ke Hoach'!G103 -> 0 | I98: ='Ke Hoach'!I103 -> 0 | J98: =G98*I98 -> 0 | M98: =IF(G98=0,0,MIN(L98,G98)*I98) -> 0 | O98: =I98*L98*N98/100 -> 0 | Q98: =I98*L98*P98/100 -> 0
A99: 7 | B99: ='Ke Hoach'!B104 -> 0 | G99: ='Ke Hoach'!F104 -> 0 | H99: ='Ke Hoach'!G104 -> 0 | I99: ='Ke Hoach'!I104 -> 0 | J99: =G99*I99 -> 0 | M99: =IF(G99=0,0,MIN(L99,G99)*I99) -> 0 | O99: =I99*L99*N99/100 -> 0 | Q99: =I99*L99*P99/100 -> 0
A100: 8 | B100: ='Ke Hoach'!B105 -> 0 | G100: ='Ke Hoach'!F105 -> 0 | H100: ='Ke Hoach'!G105 -> 0 | I100: ='Ke Hoach'!I105 -> 0 | J100: =G100*I100 -> 0 | M100: =IF(G100=0,0,MIN(L100,G100)*I100) -> 0 | O100: =I100*L100*N100/100 -> 0 | Q100: =I100*L100*P100/100 -> 0
A101: 9 | B101: ='Ke Hoach'!B106 -> 0 | G101: ='Ke Hoach'!F106 -> 0 | H101: ='Ke Hoach'!G106 -> 0 | I101: ='Ke Hoach'!I106 -> 0 | J101: =G101*I101 -> 0 | M101: =IF(G101=0,0,MIN(L101,G101)*I101) -> 0 | O101: =I101*L101*N101/100 -> 0 | Q101: =I101*L101*P101/100 -> 0
A102: 10 | B102: ='Ke Hoach'!B107 -> 0 | G102: ='Ke Hoach'!F107 -> 0 | H102: ='Ke Hoach'!G107 -> 0 | I102: ='Ke Hoach'!I107 -> 0 | J102: =G102*I102 -> 0 | M102: =IF(G102=0,0,MIN(L102,G102)*I102) -> 0 | O102: =I102*L102*N102/100 -> 0 | Q102: =I102*L102*P102/100 -> 0
A103: 11 | B103: ='Ke Hoach'!B108 -> 0 | G103: ='Ke Hoach'!F108 -> 0 | H103: ='Ke Hoach'!G108 -> 0 | I103: ='Ke Hoach'!I108 -> 0 | J103: =G103*I103 -> 0 | M103: =IF(G103=0,0,MIN(L103,G103)*I103) -> 0 | O103: =I103*L103*N103/100 -> 0 | Q103: =I103*L103*P103/100 -> 0
A104: 12 | B104: ='Ke Hoach'!B109 -> 0 | G104: ='Ke Hoach'!F109 -> 0 | H104: ='Ke Hoach'!G109 -> 0 | I104: ='Ke Hoach'!I109 -> 0 | J104: =G104*I104 -> 0 | M104: =IF(G104=0,0,MIN(L104,G104)*I104) -> 0 | O104: =I104*L104*N104/100 -> 0 | Q104: =I104*L104*P104/100 -> 0
... A112: 20 | B112: ='Ke Hoach'!B117 -> 0 | G112: ='Ke Hoach'!F117 -> 0 | H112: ='Ke Hoach'!G117 -> 0 | I112: ='Ke Hoach'!I117 -> 0 | J112: =G112*I112 -> 0 | M112: =IF(G112=0,0,MIN(L112,G112)*I112) -> 0 | O112: =I112*L112*N112/100 -> 0 | Q112: =I112*L112*P112/100 -> 0
A113: VI | B113: Trục (6) - Củng cố quốc phòng, an ninh, giữ vững ổn định chính trị - xã hội, nâng cao hiệu quả đối ngoại và hội nhập quốc tế | J113: =SUM(J114:J133) -> 0 | M113: =SUM(M114:M133) -> 0 | O113: =SUM(O114:O133) -> 0 | Q113: =SUM(Q114:Q133) -> 0 | R113: =(M113+O113+Q113)/3 -> 0
A114: 1 | B114: ='Ke Hoach'!B119 -> 0 | G114: ='Ke Hoach'!F119 -> 0 | H114: ='Ke Hoach'!G119 -> 0 | I114: ='Ke Hoach'!I119 -> 0 | J114: =G114*I114 -> 0 | M114: =IF(G114=0,0,MIN(L114,G114)*I114) -> 0 | O114: =I114*L114*N114/100 -> 0 | Q114: =I114*L114*P114/100 -> 0
A115: 2 | B115: ='Ke Hoach'!B120 -> 0 | G115: ='Ke Hoach'!F120 -> 0 | H115: ='Ke Hoach'!G120 -> 0 | I115: ='Ke Hoach'!I120 -> 0 | J115: =G115*I115 -> 0 | M115: =IF(G115=0,0,MIN(L115,G115)*I115) -> 0 | O115: =I115*L115*N115/100 -> 0 | Q115: =I115*L115*P115/100 -> 0
A116: 3 | B116: ='Ke Hoach'!B121 -> 0 | G116: ='Ke Hoach'!F121 -> 0 | H116: ='Ke Hoach'!G121 -> 0 | I116: ='Ke Hoach'!I121 -> 0 | J116: =G116*I116 -> 0 | M116: =IF(G116=0,0,MIN(L116,G116)*I116) -> 0 | O116: =I116*L116*N116/100 -> 0 | Q116: =I116*L116*P116/100 -> 0
A117: 4 | B117: ='Ke Hoach'!B122 -> 0 | G117: ='Ke Hoach'!F122 -> 0 | H117: ='Ke Hoach'!G122 -> 0 | I117: ='Ke Hoach'!I122 -> 0 | J117: =G117*I117 -> 0 | M117: =IF(G117=0,0,MIN(L117,G117)*I117) -> 0 | O117: =I117*L117*N117/100 -> 0 | Q117: =I117*L117*P117/100 -> 0
A118: 5 | B118: ='Ke Hoach'!B123 -> 0 | G118: ='Ke Hoach'!F123 -> 0 | H118: ='Ke Hoach'!G123 -> 0 | I118: ='Ke Hoach'!I123 -> 0 | J118: =G118*I118 -> 0 | M118: =IF(G118=0,0,MIN(L118,G118)*I118) -> 0 | O118: =I118*L118*N118/100 -> 0 | Q118: =I118*L118*P118/100 -> 0
A119: 6 | B119: ='Ke Hoach'!B124 -> 0 | G119: ='Ke Hoach'!F124 -> 0 | H119: ='Ke Hoach'!G124 -> 0 | I119: ='Ke Hoach'!I124 -> 0 | J119: =G119*I119 -> 0 | M119: =IF(G119=0,0,MIN(L119,G119)*I119) -> 0 | O119: =I119*L119*N119/100 -> 0 | Q119: =I119*L119*P119/100 -> 0
A120: 7 | B120: ='Ke Hoach'!B125 -> 0 | G120: ='Ke Hoach'!F125 -> 0 | H120: ='Ke Hoach'!G125 -> 0 | I120: ='Ke Hoach'!I125 -> 0 | J120: =G120*I120 -> 0 | M120: =IF(G120=0,0,MIN(L120,G120)*I120) -> 0 | O120: =I120*L120*N120/100 -> 0 | Q120: =I120*L120*P120/100 -> 0
A121: 8 | B121: ='Ke Hoach'!B126 -> 0 | G121: ='Ke Hoach'!F126 -> 0 | H121: ='Ke Hoach'!G126 -> 0 | I121: ='Ke Hoach'!I126 -> 0 | J121: =G121*I121 -> 0 | M121: =IF(G121=0,0,MIN(L121,G121)*I121) -> 0 | O121: =I121*L121*N121/100 -> 0 | Q121: =I121*L121*P121/100 -> 0
A122: 9 | B122: ='Ke Hoach'!B127 -> 0 | G122: ='Ke Hoach'!F127 -> 0 | H122: ='Ke Hoach'!G127 -> 0 | I122: ='Ke Hoach'!I127 -> 0 | J122: =G122*I122 -> 0 | M122: =IF(G122=0,0,MIN(L122,G122)*I122) -> 0 | O122: =I122*L122*N122/100 -> 0 | Q122: =I122*L122*P122/100 -> 0
A123: 10 | B123: ='Ke Hoach'!B128 -> 0 | G123: ='Ke Hoach'!F128 -> 0 | H123: ='Ke Hoach'!G128 -> 0 | I123: ='Ke Hoach'!I128 -> 0 | J123: =G123*I123 -> 0 | M123: =IF(G123=0,0,MIN(L123,G123)*I123) -> 0 | O123: =I123*L123*N123/100 -> 0 | Q123: =I123*L123*P123/100 -> 0
A124: 11 | B124: ='Ke Hoach'!B129 -> 0 | G124: ='Ke Hoach'!F129 -> 0 | H124: ='Ke Hoach'!G129 -> 0 | I124: ='Ke Hoach'!I129 -> 0 | J124: =G124*I124 -> 0 | M124: =IF(G124=0,0,MIN(L124,G124)*I124) -> 0 | O124: =I124*L124*N124/100 -> 0 | Q124: =I124*L124*P124/100 -> 0
A125: 12 | B125: ='Ke Hoach'!B130 -> 0 | G125: ='Ke Hoach'!F130 -> 0 | H125: ='Ke Hoach'!G130 -> 0 | I125: ='Ke Hoach'!I130 -> 0 | J125: =G125*I125 -> 0 | M125: =IF(G125=0,0,MIN(L125,G125)*I125) -> 0 | O125: =I125*L125*N125/100 -> 0 | Q125: =I125*L125*P125/100 -> 0
... A133: 20 | B133: ='Ke Hoach'!B138 -> 0 | G133: ='Ke Hoach'!F138 -> 0 | H133: ='Ke Hoach'!G138 -> 0 | I133: ='Ke Hoach'!I138 -> 0 | J133: =G133*I133 -> 0 | M133: =IF(G133=0,0,MIN(L133,G133)*I133) -> 0 | O133: =I133*L133*N133/100 -> 0 | Q133: =I133*L133*P133/100 -> 0

Sheet Danh gia
A2: Phụ lục VI (Kèm theo Quyết định số: /QĐ-CĐKT ngày tháng năm 2026 của Hiệu trưởng Trường Cao đẳng Kon Tum)
A3: MẪU BẢN TỰ ĐÁNH GIÁ, XẾP LOẠI CÁ NHÂN QUÝ …. NĂM 2026
A4: ĐỐI VỚI GIÁO VỤ KHOA CỦA TRƯỜNG CAO ĐẲNG KON TUM
A6: UBND TỈNH QUẢNG NGÃI | D6: CỘNG HÒA XÃ HỘI CHỦ NGHĨA VIỆT NAM
A7: TRƯỜNG CAO ĐẲNG KON TUM | D7: Độc lập - Tự do - Hạnh Phúc
A9: BẢNG TỰ ĐÁNH GIÁ, XẾP LOẠI CÁ NHÂN
A10: Quý: …. Năm: ….
A11: Họ và tên:…………………................................................. Ngày sinh: ……………….........................
A12: Chức vụ Đảng: ………………………….……………….………….............................................……….
A13: Chức vụ chính quyền: ………………..………………..……………..………………………………...............
A14: Chức vụ đoàn thể: ……………………..…………………………………………………………………………
A15: Đơn vị công tác: ………………………...………………………………………………………….………………
A17: I. Tự đánh giá kết quả thực hiện nhiệm vụ Trên cơ sở nhiệm vụ được giao, cá nhân tự đánh giá về kết quả thực hiện nhiệm vụ theo quý như sau:
A18: A | B18: NHÓM TIÊU CHÍ CHUNG (30 ĐIỂM)
A19: TT | B19: TIÊU CHÍ ĐÁNH GIÁ | D19: Điểm tối đa | E19: Điểm chấm (theo 4 mức) | F19: Ghi chú
A20: 1 | B20: Phẩm chất chính trị, phẩm chất đạo đức và ý thức kỷ luật, kỷ cương trong thực thi nhiệm vụ | D20: =SUM(D21:D30) -> 13 | E20: =SUM(E21:E30) -> 0
A21: a) | B21: Chấp hành đường lối, chủ trương của Đảng, chính sách, pháp luật của Nhà nước và quy định của cơ quan, tổ chức, đơn vị. | D21: 2 | F21: Hướng dẫn chấm: Mức 1 (Gương mẫu, không hạn chế): 90%-100% điểm tối đa Mức 2 (Đáp ứng đầy đủ, hạn chế nhỏ): 70%-dưới 90% Mức 3 (Có hạn chế, thiếu sót): 50%-dưới 70% Mức 4 (Hạn chế/vi phạm nghiêm trọng): dưới 50%, kể cả 0 điểm
A22: b) | B22: Có lập trường chính trị vững vàng; giữ gìn phẩm chất đạo đức, lối sống lành mạnh; không có biểu hiện suy thoái về tư tưởng chính trị, đạo đức, lối sống. | D22: 1
A23: c) | B23: Thực hiện đúng chuẩn mực đạo đức nghề nghiệp; trung thực, khách quan, công bằng trong thực hiện nhiệm vụ chuyên môn. | D23: 2
A24: d) | B24: Không tham nhũng, tiêu cực, lãng phí; không lợi dụng vị trí công tác để vụ lợi; không để người thân, người quen lợi dụng vị trí công tác của mình để trục lợi. | D24: 1
A25: đ) | B25: Có tinh thần đoàn kết, hợp tác trong công tác; tích cực tham gia các hoạt động tập thể, xây dựng môi trường làm việc chuyên nghiệp. | D25: 1
A26: e) | B26: Có tinh thần tự phê bình và phê bình; chủ động nhận diện hạn chế, khuyết điểm của bản thân và có biện pháp khắc phục. | D26: 1
A27: g) | B27: Chấp hành sự phân công của tổ chức; thực hiện đầy đủ chức trách, nhiệm vụ được giao. | D27: 2
A28: h) | B28: Thực hiện các quy định, quy chế, nội quy của cơ quan, tổ chức, đơn vị nơi công tác; phát huy trách nhiệm của cá nhân trong xây dựng tập thể cơ quan, tổ chức, đơn vị. | D28: 1
A29: i) | B29: Thực hiện việc kê khai và công khai tài sản, thu nhập theo quy định. | D29: 1
A30: k) | B30: Báo cáo đầy đủ, trung thực, cung cấp thông tin chính xác, khách quan về những nội dung liên quan đến việc thực hiện chức trách, nhiệm vụ được giao và hoạt động của cơ quan, tổ chức, đơn vị với cấp trên khi được yêu cầu. | D30: 1
A31: 2 | B31: Năng lực chuyên môn, nghiệp vụ theo yêu cầu của vị trí việc làm; tinh thần trách nhiệm trong thực thi nhiệm vụ; thái độ phục vụ người học, doanh nghiệp, đối tác; khả năng phối hợp trong công tác | D31: =SUM(D32:D35) -> 12 | E31: =SUM(E32:E35) -> 0
A32: a) | B32: Năng lực chuyên môn, nghiệp vụ theo yêu cầu của vị trí việc làm: Có kiến thức chuyên sâu, toàn diện về lĩnh vực công tác được phân công; hiểu biết đầy đủ về quy định pháp luật, quy trình nghiệp vụ có liên quan đến vị trí việc làm. Thường xuyên cập nhật kiến thức mới, có khả năng nghiên cứu, phân tích, tổng hợp và vận dụng sáng tạo vào công việc; đáp ứng yêu cầu đổi mới, cải cách hành chính. Có kỹ năng xử lý công việc độc lập, làm việc nhóm hiệu quả; sử dụng thành thạo công nghệ thông tin và các công cụ hỗ trợ phục vụ chuyên môn, nghiệp vụ. | D32: 3
A33: b) | B33: Khả năng đáp ứng yêu cầu thực thi nhiệm vụ được giao thường xuyên, đột xuất: Nhiệm vụ thường xuyên - Có khả năng vận dụng thành thạo kiến thức chuyên môn, nghiệp vụ để xử lý công việc chuyên môn theo kế hoạch định kỳ; duy trì ổn định chất lượng chuyên môn. Nhiệm vụ đột xuất - Chủ động đề xuất giải pháp, thực hiện hiệu quả các công việc phát sinh có tính chất chuyên môn cao; có khả năng phản ứng nhanh, chính xác với yêu cầu mới. | D33: 3
A34: c) | B34: Tinh thần trách nhiệm trong thực hiện nhiệm vụ: Có tinh thần trách nhiệm trong việc nghiên cứu, đề xuất, tham mưu nội dung chuyên môn; chủ động tiếp cận thông tin, kịp thời điều chỉnh cách làm để phù hợp với yêu cầu mới. Tích cực cập nhật, ứng dụng kiến thức, công nghệ mới trong công việc chuyên môn; có tinh thần cầu thị, phối hợp tốt trong các hoạt động liên quan đến chuyên môn. | D34: 3
A35: d) | B35: Thái độ phục vụ người sử dụng dịch vụ sự nghiệp công (người học) và các tổ chức, cá nhân có liên quan; khả năng phối hợp với đồng nghiệp: Có thái độ chuẩn mực, chuyên nghiệp trong cung cấp dịch vụ sự nghiệp công; bảo đảm công bằng, minh bạch, đúng quy định trong quá trình thực hiện nhiệm vụ. Có tinh thần hợp tác, phối hợp với đồng nghiệp và các đơn vị có liên quan trong thực hiện nhiệm vụ. | D35: 3
A36: 3 | B36: Năng lực đổi mới, sáng tạo; dám nghĩ, dám làm, dám chịu trách nhiệm vì lợi ích chung trong thực hiện nhiệm vụ | D36: =SUM(D37:D39) -> 5 | E36: =SUM(E37:E39) -> 0
A37: a) | B37: Có sản phẩm, giải pháp đột phá, sáng tạo đem lại giá trị, hiệu quả thiết thực, tác động tích cực đến kết quả thực hiện nhiệm vụ của tổ chức, đơn vị. | D37: 2
A38: b) | B38: Có tinh thần chịu trách nhiệm trước kết quả công việc; chủ động nhận trách nhiệm khi có sai sót và có biện pháp khắc phục rõ ràng, cụ thể. | D38: 2
A39: c) | B39: Chủ động đưa ra quyết định trong phạm vi thẩm quyền, không né tránh; có tinh thần tiên phong trong thực hiện những nhiệm vụ mới. | D39: 1
B40: Tổng điểm nhóm A | D40: =D20+D31+D36 -> 30 | E40: =E20+E31+E36 -> 0
A41: B | B41: KẾT QUẢ THỰC HIỆN NHIỆM VỤ ĐƯỢC GIAO (70 ĐIỂM)
A42: TT | B42: Tiêu chí/Nội dung | C42: Mục tiêu, nhiệm vụ đề ra | D42: Kết quả sản phẩm thực tế | E42: Điểm KPI (%) | F42: Điểm tối đa | G42: Điểm đạt (= Điểm KPI x Điểm tối đa) | H42: Ghi chú
A43: 1 | B43: Trục (1) - Thực hiện mục tiêu phát triển Kinh tế - xã hội và nhiệm vụ chính trị được giao | C43: =KPI!J8 -> 5 | D43: =KPI!R8 -> 4 | E43: =IF(AND(C43<>0,D43<>0),D43*100/C43,0) -> 80 | F43: 45 | G43: =E43%*F43 -> 36
A44: 1.1 | B44: Thực hiện nhiệm vụ giảng dạy theo kế hoạch; bảo đảm hồ sơ nhà giáo theo quy định (nếu có)
A45: 1.2 | B45: Thực hiện công tác giáo vụ khoa: Tham mưu xây dựng kế hoạch đào tạo; theo dõi tiến độ chương trình đào tạo; phân công giảng dạy; xây dựng thời khóa biểu; quản lý lớp học; theo dõi giờ giảng, giờ chuẩn; quản lý học vụ; xét miễn giảm học phần, học lại, học bù, bảo lưu; rà soát điều kiện tốt nghiệp; quản lý thực hành, thực tập; phối hợp tuyển sinh, tư vấn nghề nghiệp; quản lý công tác HSSV thuộc phạm vi khoa; hỗ trợ công tác bảo đảm chất lượng, tự đánh giá và kiểm định chương trình đào tạo;...; thực hiện các nhiệm vụ hành chính khác do nhà trường, Trưởng khoa giao.
A46: 1.3 | B46: Hướng dẫn thực tập, thực hành, thi tay nghề; giáo dục, quản lý và hỗ trợ học sinh, sinh viên (nếu có)
A47: 1.4 | B47: Thực hiện các nhiệm vụ chuyên môn và nhiệm vụ khác được giao.
A48: 1.5 | B48: Tham gia thực hành, thực tập tại cơ quan chuyên môn, doanh nghiệp, nâng cao kỹ năng thực hành và tiếp cận công nghệ mới (nếu có); phối hợp kết nối doanh nghiệp trong nước hỗ trợ thực tập, thực hành nghề cho HSSV.
A49: 2 | B49: Trục (2) - Hoàn thiện thể chế, đẩy mạnh phân cấp, phân quyền gắn với kiểm tra, giám sát | C49: =KPI!J29 -> 0 | D49: =KPI!R29 -> 0 | E49: =IF(AND(C49<>0,D49<>0),D49*100/C49,0) -> 0 | F49: 7 | G49: =E49%*F49 -> 0
A50: 2.1 | B50: Tham gia xây dựng, góp ý, tổng hợp góp ý các dự thảo văn bản của nhà trường, phòng, khoa,...
A51: 2.2 | B51: Tham gia các Hội đồng: Giám khảo, đánh giá chương trình đào tạo,...; tham gia công tác kiểm tra hồ sơ chuyên môn, dự giờ, hội giảng; chuẩn bị hồ sơ phục vụ công tác kiểm tra, giám sát...
A52: 3 | B52: Trục (3) - Thúc đẩy phát triển khoa học, công nghệ, đổi mới sáng tạo và chuyển đổi số. | C52: =KPI!J50 -> 0 | D52: =KPI!R50 -> 0 | E52: =IF(AND(C52<>0,D52<>0),D52*100/C52,0) -> 0 | F52: 6 | G52: =E52%*F52 -> 0
A53: 3.1 | B53: Cập nhật, quản lý dữ liệu đào tạo trên phần mềm; thực hiện nghiên cứu khoa học, sáng kiến kinh nghiệm; ứng dụng công nghệ thông tin, AI trong công tác giáo vụ, số hóa hồ sơ đào tạo; thiết kế, cải tiến thiết bị đào tạo và đồ dùng dạy học (nếu có); tham gia xây dựng phòng học chuyên môn; hội thi thiết bị đào tạo tự làm, hội thi sáng tạo kỹ thuật; tham gia các hoạt động đổi mới sáng tạo; đề xuất giải pháp cải tiến quy trình hoặc chuyển đổi số,...
A54: 3.2 | B54: Tham mưu tổ chức, hỗ trợ HSSV tham gia khởi nghiệp; báo cáo chuyên đề tại các hội nghị, hội thảo khoa học; …
A55: 4 | B55: Trục (4) - Xây dựng đảng và hệ thống chính trị trong sạch, vững mạnh; giữ gìn đoàn kết, thống nhất nội bộ; phòng, chống tham nhũng, lãng phí, tiêu cực. | C55: =KPI!J71 -> 0 | D55: =KPI!R71 -> 0 | E55: =IF(AND(C55<>0,D55<>0),D55*100/C55,0) -> 0 | F55: 4 | G55: =E55%*F55 -> 0
B56: Chấp hành chủ trương của Đảng, chính sách pháp luật của Nhà nước; tham gia/báo cáo sinh hoạt chuyên đề, sinh hoạt Đảng (nếu có); thực hiện đạo đức nghề nghiệp; giữ gìn đoàn kết nội bộ; thực hành tiết kiệm, chống lãng phí; chấp hành kỷ luật, kỷ cương hành chính; góp ý hoàn thiện văn bản các cấp về phòng, chống tham nhũng, lãng phí, tiêu cực;...
A57: 5 | B57: Trục (5) - Phát triển văn hóa, con người, bảo đảm an sinh xã hội, nâng cao đời sống Nhân dân | C57: =KPI!J92 -> 0 | D57: =KPI!R92 -> 0 | E57: =IF(AND(C57<>0,D57<>0),D57*100/C57,0) -> 0 | F57: 4 | G57: =E57%*F57 -> 0
B58: Tham gia xây dựng môi trường văn hóa công sở lành mạnh, thân thiện; tham gia các hoạt động văn hóa, văn nghệ, thể dục thể thao, đền ơn đáp nghĩa, thiện nguyện và phong trào đoàn thể. Mức độ hài lòng của nhà giáo, HSSV đối với công tác giáo vụ khoa.
A59: 6 | B59: Trục (6) - Củng cố quốc phòng, an ninh, giữ vững ổn định chính trị - xã hội, nâng cao hiệu quả đối ngoại và hội nhập quốc tế | C59: =KPI!J113 -> 0 | D59: =KPI!R113 -> 0 | E59: =IF(AND(C59<>0,D59<>0),D59*100/C59,0) -> 0 | F59: 4 | G59: =E59%*F59 -> 0
B60: Tham gia lực lượng tự vệ cơ quan (nếu có); thực hiện giữ vững an ninh trật tự; tham gia công tác phòng cháy, chữa cháy; chủ động đấu tranh với những luận điệu sai trái, xuyên tạc; tham gia các hoạt động đối ngoại, hội nhập quốc tế (hội thảo, kết nối chuyên môn quốc tế) khi được phân công.
B61: Tổng điểm nhóm B | F61: =F59+F57+F55+F52+F49+F43 -> 70 | G61: =G59+G57+G55+G52+G49+G43 -> 36
B62: Tổng điểm A + B | F62: =D40+F61 -> 100 | G62: =E40+G61 -> 36
A64: II. | B64: Điều kiện bắt buộc kèm theo mức xếp loại
A65: TT | B65: Điều kiện bắt buộc | D65: Kết quả (Đạt/Không đạt) | F65: Ghi chú
A66: 1 | B66: Bảng kiểm thực hiện nhiệm vụ bảo đảm sĩ số học sinh, sinh viên từ đầu đến cuối khoá học - Quý …
A68: III. Tự đề xuất mức xếp loại chất lượng: ……
A70: (Theo 04 mức: - Hoàn thành xuất sắc nhiệm vụ, 2- Hoàn thành tốt nhiệm vụ, 3- Hoàn thành nhiệm vụ và 4- Không hoàn thành nhiệm vụ) + Hoàn thành xuất sắc nhiệm vụ: ≥ 90 điểm; bảng kiểm sĩ số HSSV "Đạt" trong quý nếu đánh giá quý và "Đạt" mọi quý nếu đánh giá năm + Hoàn thành tốt nhiệm vụ: Từ 70–<90 điểm; bảng kiểm sĩ số HSSV "Đạt" trong quý nếu đánh giá quý và "Đạt" mọi quý nếu đánh giá năm + Hoàn thành nhiệm vụ: Từ 50–<70 điểm; bảng kiểm sĩ số HSSV "Đạt" trong quý nếu đánh giá quý và "Đạt" mọi quý nếu đánh giá năm + Không hoàn thành nhiệm vụ: Dưới 50 điểm hoặc bảng kiểm sĩ số HSSV "Không Đạt"
B72: TRƯỞNG PHÒNG/KHOA… | E72: CÁ NHÂN TỰ ĐÁNH GIÁ
B73: (Ký, ghi rõ họ tên) | E73: (Ký, ghi rõ họ tên)
A79: IV. | B79: Nhận xét, đánh giá của Lãnh đạo đơn vị
A80: - | B80: Chấm điểm: ….. điểm
A81: - | B81: Đề xuất xếp loại: ….
A83: Quảng Ngãi, ngày ….. tháng …. năm 2026
A84: XÁC NHẬN CỦA TẬP THỂ LÃNH ĐẠO TRƯỜNG
A85: HIỆU TRƯỞNG
A86: (Ký, ghi rõ họ tên và đóng dấu)
